Designator,Val,Package,Mid X,Mid Y,Rotation,Layer
C1,0.22uF,C_1206_3216Metric,100,-50,180,top
C2,0.1uF,C_1206_3216Metric,94.5,-48.4,0,top
C3,100nF,C_0603_1608Metric,91,-42.375,-90,top
C4,10uF,C_0603_1608Metric,92.5,-42.3,-90,top
C5,0.1uF,C_0805_2012Metric,78,-49,0,top
R1,10E,R_0805_2012Metric,91.6,-38.9,0,top
R2,10k,R_0805_2012Metric,91.5875,-36.7,0,top
R3,10k,R_0805_2012Metric,70,-51.4,90,top
R4,2k,R_0805_2012Metric,70.9,-48.6,0,top
U1,L7805,TO-263-3_TabPin2,95.96,-61.45,-90,top
U3,UCC27516DRSR,UCC27516,88.349999,-41.824998,90,top
U4,ATtiny85-20P,SOIC-8W_5.3x5.3mm_P1.27mm,75.35,-43.735,180,top
